Saturday,2025-09-06 14:55:43.934209,192.168.1.132,17.248.224.68,443,0,1
Saturday,2025-09-06 14:55:43.934954,17.248.224.68,192.168.1.132,52466,0,1
Saturday,2025-09-06 14:55:43.964000,17.248.224.68,192.168.1.132,52466,0,1
Saturday,2025-09-06 14:55:44.856055,17.248.224.68,192.168.1.132,52466,0,1
Saturday,2025-09-06 14:55:44.856271,192.168.1.132,17.248.224.68,443,0,1
Saturday,2025-09-06 14:55:44.864662,192.168.1.132,17.248.224.68,443,0,1
Saturday,2025-09-06 14:55:44.864949,192.168.1.132,17.248.224.68,443,0,1
Saturday,2025-09-06 14:55:44.865515,192.168.1.132,17.248.224.68,443,0,1
Saturday,2025-09-06 14:55:44.874449,17.57.145.25,192.168.1.132,51055,0,1
Saturday,2025-09-06 14:55:44.874859,192.168.1.132,17.57.145.25,5223,0,1
Saturday,2025-09-06 14:55:44.877029,192.168.1.132,17.57.145.25,5223,0,1
Saturday,2025-09-06 14:55:44.896308,17.248.224.68,192.168.1.132,52465,0,1
Saturday,2025-09-06 14:55:44.897002,17.248.224.68,192.168.1.132,52465,0,1
Saturday,2025-09-06 14:55:44.897523,17.248.224.68,192.168.1.132,52465,0,1
Saturday,2025-09-06 14:55:44.897525,17.248.224.68,192.168.1.132,52465,0,1
Saturday,2025-09-06 14:55:44.897621,192.168.1.132,17.248.224.68,443,0,1
Saturday,2025-09-06 14:55:44.898411,192.168.1.132,17.248.224.68,443,0,1
Saturday,2025-09-06 14:55:44.898528,192.168.1.132,17.248.224.68,443,0,1
Saturday,2025-09-06 14:55:44.898589,192.168.1.132,17.248.224.68,443,0,1
Saturday,2025-09-06 14:55:44.929163,17.248.224.68,192.168.1.132,52466,0,1
Saturday,2025-09-06 14:55:44.929166,17.248.224.68,192.168.1.132,52466,0,1
Saturday,2025-09-06 14:55:44.929167,17.248.224.68,192.168.1.132,52466,0,1
Saturday,2025-09-06 14:55:44.955363,17.57.145.25,192.168.1.132,51055,0,1
Saturday,2025-09-06 14:55:45.190950,192.168.1.132,104.199.241.202,4070,0,1
Saturday,2025-09-06 14:55:45.216556,17.248.224.68,192.168.1.132,52466,0,1
Saturday,2025-09-06 14:55:45.216559,17.248.224.68,192.168.1.132,52466,0,1
Saturday,2025-09-06 14:55:45.216562,17.248.224.68,192.168.1.132,52466,0,1
Saturday,2025-09-06 14:55:45.216565,17.248.224.68,192.168.1.132,52466,0,1
Saturday,2025-09-06 14:55:45.216865,192.168.1.132,17.248.224.68,443,0,1
Saturday,2025-09-06 14:55:45.216870,192.168.1.132,17.248.224.68,443,0,1
Saturday,2025-09-06 14:55:45.274859,104.199.241.202,192.168.1.132,62450,0,1
Saturday,2025-09-06 14:55:45.274998,192.168.1.132,104.199.241.202,4070,0,1
Saturday,2025-09-06 14:55:45.393064,192.168.1.132,17.248.224.68,443,0,1
Saturday,2025-09-06 14:55:45.393354,192.168.1.132,17.248.224.68,443,0,1
Saturday,2025-09-06 14:55:45.393446,192.168.1.132,17.248.224.68,443,0,1
Saturday,2025-09-06 14:55:45.423317,17.248.224.68,192.168.1.132,52466,0,1
Saturday,2025-09-06 14:55:45.423970,17.248.224.68,192.168.1.132,52466,0,1
Saturday,2025-09-06 14:55:45.423971,17.248.224.68,192.168.1.132,52466,0,1
Saturday,2025-09-06 14:55:45.715696,17.248.224.68,192.168.1.132,52466,0,1
Saturday,2025-09-06 14:55:45.715992,192.168.1.132,17.248.224.68,443,0,1
Saturday,2025-09-06 14:55:46.017194,192.168.1.132,140.82.112.21,443,0,1
Saturday,2025-09-06 14:55:46.017198,192.168.1.132,140.82.112.21,443,0,1
Saturday,2025-09-06 14:55:46.017200,192.168.1.132,140.82.112.21,443,0,1
Saturday,2025-09-06 14:55:46.017202,192.168.1.132,140.82.112.21,443,0,1
Saturday,2025-09-06 14:55:46.017203,192.168.1.132,140.82.112.21,443,0,1
Saturday,2025-09-06 14:55:46.017204,192.168.1.132,140.82.112.21,443,0,1
Saturday,2025-09-06 14:55:46.017205,192.168.1.132,140.82.112.21,443,0,1
Saturday,2025-09-06 14:55:46.017206,192.168.1.132,140.82.112.21,443,0,1
Saturday,2025-09-06 14:55:46.017207,192.168.1.132,140.82.112.21,443,0,1
Saturday,2025-09-06 14:55:46.017207,192.168.1.132,140.82.112.21,443,0,1
Saturday,2025-09-06 14:55:46.017208,192.168.1.132,140.82.112.21,443,0,1
Saturday,2025-09-06 14:55:46.017209,192.168.1.132,140.82.112.21,443,0,1
Saturday,2025-09-06 14:55:46.017210,192.168.1.132,140.82.112.21,443,0,1
Saturday,2025-09-06 14:55:46.017211,192.168.1.132,140.82.112.21,443,0,1
Saturday,2025-09-06 14:55:46.017212,192.168.1.132,140.82.112.21,443,0,1
Saturday,2025-09-06 14:55:46.017213,192.168.1.132,140.82.112.21,443,0,1
Saturday,2025-09-06 14:55:46.017214,192.168.1.132,140.82.112.21,443,0,1
Saturday,2025-09-06 14:55:46.017215,192.168.1.132,140.82.112.21,443,0,1
Saturday,2025-09-06 14:55:46.017215,192.168.1.132,140.82.112.21,443,0,1
Saturday,2025-09-06 14:55:46.017216,192.168.1.132,140.82.112.21,443,0,1
Saturday,2025-09-06 14:55:46.017217,192.168.1.132,140.82.112.21,443,0,1
Saturday,2025-09-06 14:55:46.017217,192.168.1.132,140.82.112.21,443,0,1
Saturday,2025-09-06 14:55:46.017219,192.168.1.132,140.82.112.21,443,0,1
Saturday,2025-09-06 14:55:46.017219,192.168.1.132,140.82.112.21,443,0,1
Saturday,2025-09-06 14:55:46.017220,192.168.1.132,140.82.112.21,443,0,1
Saturday,2025-09-06 14:55:46.017221,192.168.1.132,140.82.112.21,443,0,1
Saturday,2025-09-06 14:55:46.017221,192.168.1.132,140.82.112.21,443,0,1
Saturday,2025-09-06 14:55:46.017222,192.168.1.132,140.82.112.21,443,0,1
Saturday,2025-09-06 14:55:46.017223,192.168.1.132,140.82.112.21,443,0,1
Saturday,2025-09-06 14:55:46.017224,192.168.1.132,140.82.112.21,443,0,1
Saturday,2025-09-06 14:55:46.017225,192.168.1.132,140.82.112.21,443,0,1
Saturday,2025-09-06 14:55:46.017226,192.168.1.132,140.82.112.21,443,0,1
Saturday,2025-09-06 14:55:46.017227,192.168.1.132,140.82.112.21,443,0,1
Saturday,2025-09-06 14:55:46.017228,192.168.1.132,140.82.112.21,443,0,1
Saturday,2025-09-06 14:55:46.017229,192.168.1.132,140.82.112.21,443,0,1
Saturday,2025-09-06 14:55:46.017229,192.168.1.132,140.82.112.21,443,0,1
Saturday,2025-09-06 14:55:46.017230,192.168.1.132,140.82.112.21,443,0,1
Saturday,2025-09-06 14:55:46.017231,192.168.1.132,140.82.112.21,443,0,1
Saturday,2025-09-06 14:55:46.017232,192.168.1.132,140.82.112.21,443,0,1
Saturday,2025-09-06 14:55:46.017233,192.168.1.132,140.82.112.21,443,0,1
Saturday,2025-09-06 14:55:46.017233,192.168.1.132,140.82.112.21,443,0,1
Saturday,2025-09-06 14:55:46.017234,192.168.1.132,140.82.112.21,443,0,1
Saturday,2025-09-06 14:55:46.017234,192.168.1.132,140.82.112.21,443,0,1
Saturday,2025-09-06 14:55:46.017235,192.168.1.132,140.82.112.21,443,0,1
Saturday,2025-09-06 14:55:46.017236,192.168.1.132,140.82.112.21,443,0,1
Saturday,2025-09-06 14:55:46.017237,192.168.1.132,140.82.112.21,443,0,1
Saturday,2025-09-06 14:55:46.017328,192.168.1.132,140.82.112.21,443,0,1
Saturday,2025-09-06 14:55:46.017329,192.168.1.132,140.82.112.21,443,0,1
Saturday,2025-09-06 14:55:46.017330,192.168.1.132,140.82.112.21,443,0,1
Saturday,2025-09-06 14:55:46.017331,192.168.1.132,140.82.112.21,443,0,1
Saturday,2025-09-06 14:55:46.017331,192.168.1.132,140.82.112.21,443,0,1
Saturday,2025-09-06 14:55:46.017332,192.168.1.132,140.82.112.21,443,0,1
Saturday,2025-09-06 14:55:46.017333,192.168.1.132,140.82.112.21,443,0,1
Saturday,2025-09-06 14:55:46.017333,192.168.1.132,140.82.112.21,443,0,1
Saturday,2025-09-06 14:55:46.017334,192.168.1.132,140.82.112.21,443,0,1
Saturday,2025-09-06 14:55:46.017335,192.168.1.132,140.82.112.21,443,0,1
Saturday,2025-09-06 14:55:46.017336,192.168.1.132,140.82.112.21,443,0,1
Saturday,2025-09-06 14:55:46.017336,192.168.1.132,140.82.112.21,443,0,1
Saturday,2025-09-06 14:55:46.017337,192.168.1.132,140.82.112.21,443,0,1
Saturday,2025-09-06 14:55:46.017338,192.168.1.132,140.82.112.21,443,0,1
Saturday,2025-09-06 14:55:46.017339,192.168.1.132,140.82.112.21,443,0,1
Saturday,2025-09-06 14:55:46.017339,192.168.1.132,140.82.112.21,443,0,1
Saturday,2025-09-06 14:55:46.017340,192.168.1.132,140.82.112.21,443,0,1
Saturday,2025-09-06 14:55:46.017340,192.168.1.132,140.82.112.21,443,0,1
Saturday,2025-09-06 14:55:46.017341,192.168.1.132,140.82.112.21,443,0,1
Saturday,2025-09-06 14:55:46.017342,192.168.1.132,140.82.112.21,443,0,1
Saturday,2025-09-06 14:55:46.017343,192.168.1.132,140.82.112.21,443,0,1
Saturday,2025-09-06 14:55:46.017344,192.168.1.132,140.82.112.21,443,0,1
Saturday,2025-09-06 14:55:46.017345,192.168.1.132,140.82.112.21,443,0,1
Saturday,2025-09-06 14:55:46.017346,192.168.1.132,140.82.112.21,443,0,1
Saturday,2025-09-06 14:55:46.017347,192.168.1.132,140.82.112.21,443,0,1
Saturday,2025-09-06 14:55:46.017356,192.168.1.132,140.82.112.21,443,0,1
Saturday,2025-09-06 14:55:46.257507,192.168.1.132,40.79.150.121,443,0,1
Saturday,2025-09-06 14:55:46.257536,192.168.1.132,40.79.150.121,443,0,1
Saturday,2025-09-06 14:55:46.257536,192.168.1.132,40.79.150.121,443,0,1
Saturday,2025-09-06 14:55:46.257537,192.168.1.132,40.79.150.121,443,0,1
Saturday,2025-09-06 14:55:46.257537,192.168.1.132,40.79.150.121,443,0,1
Saturday,2025-09-06 14:55:46.257537,192.168.1.132,40.79.150.121,443,0,1
Saturday,2025-09-06 14:55:46.257538,192.168.1.132,40.79.150.121,443,0,1
Saturday,2025-09-06 14:55:46.257538,192.168.1.132,40.79.150.121,443,0,1
Saturday,2025-09-06 14:55:46.257538,192.168.1.132,40.79.150.121,443,0,1
Saturday,2025-09-06 14:55:46.257540,192.168.1.132,40.79.150.121,443,0,1
Saturday,2025-09-06 14:55:46.271152,140.82.112.21,192.168.1.132,65370,0,1
Saturday,2025-09-06 14:55:46.273286,140.82.112.21,192.168.1.132,65370,0,1
Saturday,2025-09-06 14:55:46.273287,140.82.112.21,192.168.1.132,65370,0,1
Saturday,2025-09-06 14:55:46.273288,140.82.112.21,192.168.1.132,65370,0,1
Saturday,2025-09-06 14:55:46.273288,140.82.112.21,192.168.1.132,65370,0,1
Saturday,2025-09-06 14:55:46.273289,140.82.112.21,192.168.1.132,65370,0,1
Saturday,2025-09-06 14:55:46.273290,140.82.112.21,192.168.1.132,65370,0,1
Saturday,2025-09-06 14:55:46.273290,140.82.112.21,192.168.1.132,65370,0,1
Saturday,2025-09-06 14:55:46.273291,140.82.112.21,192.168.1.132,65370,0,1
Saturday,2025-09-06 14:55:46.273291,140.82.112.21,192.168.1.132,65370,0,1
Saturday,2025-09-06 14:55:46.273292,140.82.112.21,192.168.1.132,65370,0,1
Saturday,2025-09-06 14:55:46.273293,140.82.112.21,192.168.1.132,65370,0,1
Saturday,2025-09-06 14:55:46.273293,140.82.112.21,192.168.1.132,65370,0,1
Saturday,2025-09-06 14:55:46.273294,140.82.112.21,192.168.1.132,65370,0,1
Saturday,2025-09-06 14:55:46.273371,192.168.1.132,140.82.112.21,443,0,1
Saturday,2025-09-06 14:55:46.443166,40.79.150.121,192.168.1.132,64791,0,1
Saturday,2025-09-06 14:55:46.443167,40.79.150.121,192.168.1.132,64791,0,1
Saturday,2025-09-06 14:55:46.443168,40.79.150.121,192.168.1.132,64791,0,1
Saturday,2025-09-06 14:55:46.443168,40.79.150.121,192.168.1.132,64791,0,1
Saturday,2025-09-06 14:55:46.443233,192.168.1.132,40.79.150.121,443,0,1
Saturday,2025-09-06 14:55:46.637918,140.82.112.21,192.168.1.132,65370,0,1
Saturday,2025-09-06 14:55:46.638068,192.168.1.132,140.82.112.21,443,0,1
Saturday,2025-09-06 14:55:47.055937,192.168.1.132,163.70.148.63,443,0,1
Saturday,2025-09-06 14:55:47.064536,163.70.148.63,192.168.1.132,50413,0,1
Saturday,2025-09-06 14:55:47.380237,163.70.148.63,192.168.1.132,50413,0,1
Saturday,2025-09-06 14:55:47.380677,192.168.1.132,163.70.148.63,443,0,1
Saturday,2025-09-06 14:55:47.599670,192.168.1.132,17.248.224.68,443,0,1
Saturday,2025-09-06 14:55:47.600172,192.168.1.132,17.248.224.68,443,0,1
Saturday,2025-09-06 14:55:47.601106,192.168.1.132,17.248.224.68,443,0,1
Saturday,2025-09-06 14:55:47.632954,17.248.224.68,192.168.1.132,52466,0,1
Saturday,2025-09-06 14:55:47.632957,17.248.224.68,192.168.1.132,52466,0,1
Saturday,2025-09-06 14:55:47.633406,17.248.224.68,192.168.1.132,52466,0,1
Saturday,2025-09-06 14:55:47.633408,17.248.224.68,192.168.1.132,52466,0,1
Saturday,2025-09-06 14:55:47.633531,192.168.1.132,17.248.224.68,443,0,1
Saturday,2025-09-06 14:55:48.053312,192.168.1.132,140.82.113.22,443,0,1
Saturday,2025-09-06 14:55:48.053508,192.168.1.132,185.199.108.133,443,0,1
Saturday,2025-09-06 14:55:48.053646,192.168.1.132,13.107.246.59,443,0,1
Saturday,2025-09-06 14:55:48.053720,192.168.1.132,40.79.150.121,443,0,1
Saturday,2025-09-06 14:55:48.053780,192.168.1.132,140.82.113.22,443,0,1
Saturday,2025-09-06 14:55:48.061834,185.199.108.133,192.168.1.132,65520,0,1
Saturday,2025-09-06 14:55:48.061836,185.199.108.133,192.168.1.132,65520,0,1
Saturday,2025-09-06 14:55:48.061959,192.168.1.132,185.199.108.133,443,0,0
Saturday,2025-09-06 14:55:48.062090,185.199.108.133,192.168.1.132,65520,0,1
Saturday,2025-09-06 14:55:48.062135,192.168.1.132,185.199.108.133,443,0,0
Saturday,2025-09-06 14:55:48.096569,13.107.246.59,192.168.1.132,65509,0,1
Saturday,2025-09-06 14:55:48.096736,192.168.1.132,13.107.246.59,443,0,1
Saturday,2025-09-06 14:55:48.236494,40.79.150.121,192.168.1.132,64791,0,1
Saturday,2025-09-06 14:55:48.236695,192.168.1.132,40.79.150.121,443,0,1
Saturday,2025-09-06 14:55:48.321313,140.82.113.22,192.168.1.132,65523,0,1
Saturday,2025-09-06 14:55:48.321487,192.168.1.132,140.82.113.22,443,0,0
Saturday,2025-09-06 14:55:48.321771,140.82.113.22,192.168.1.132,65523,0,1
Saturday,2025-09-06 14:55:48.321820,192.168.1.132,140.82.113.22,443,0,0
Saturday,2025-09-06 14:55:48.593335,192.168.1.132,52.168.112.67,443,1,0
Saturday,2025-09-06 14:55:48.772479,192.168.1.132,140.82.113.22,443,0,1
Saturday,2025-09-06 14:55:48.845131,192.168.1.132,52.168.112.67,443,1,0
Saturday,2025-09-06 14:55:48.852260,52.168.112.67,192.168.1.132,49162,1,1
Saturday,2025-09-06 14:55:48.852357,192.168.1.132,52.168.112.67,443,0,1
Saturday,2025-09-06 14:55:48.852517,192.168.1.132,52.168.112.67,443,0,1
Saturday,2025-09-06 14:55:48.852522,192.168.1.132,52.168.112.67,443,0,1
Saturday,2025-09-06 14:55:49.223748,52.168.112.67,192.168.1.132,49162,0,1
Saturday,2025-09-06 14:55:49.223753,52.168.112.67,192.168.1.132,49162,0,1
Saturday,2025-09-06 14:55:49.223755,52.168.112.67,192.168.1.132,49163,1,1
Saturday,2025-09-06 14:55:49.223920,192.168.1.132,52.168.112.67,443,0,1
Saturday,2025-09-06 14:55:49.224061,192.168.1.132,52.168.112.67,443,0,1
Saturday,2025-09-06 14:55:49.225796,192.168.1.132,52.168.112.67,443,0,1
Saturday,2025-09-06 14:55:49.226542,192.168.1.132,52.168.112.67,443,0,1
Saturday,2025-09-06 14:55:49.226557,192.168.1.132,52.168.112.67,443,0,1
Saturday,2025-09-06 14:55:49.534071,52.168.112.67,192.168.1.132,49162,0,1
Saturday,2025-09-06 14:55:49.534074,52.168.112.67,192.168.1.132,49162,0,1
Saturday,2025-09-06 14:55:49.534077,52.168.112.67,192.168.1.132,49162,0,1
Saturday,2025-09-06 14:55:49.534079,52.168.112.67,192.168.1.132,49162,0,1
Saturday,2025-09-06 14:55:49.534081,52.168.112.67,192.168.1.132,49162,0,1
Saturday,2025-09-06 14:55:49.534083,52.168.112.67,192.168.1.132,49163,0,1
Saturday,2025-09-06 14:55:49.534084,52.168.112.67,192.168.1.132,49163,0,1
Saturday,2025-09-06 14:55:49.534242,192.168.1.132,52.168.112.67,443,0,1
Saturday,2025-09-06 14:55:49.534301,192.168.1.132,52.168.112.67,443,0,1
Saturday,2025-09-06 14:55:49.534377,192.168.1.132,52.168.112.67,443,0,1
Saturday,2025-09-06 14:55:49.535488,192.168.1.132,52.168.112.67,443,0,1
Saturday,2025-09-06 14:55:49.535596,192.168.1.132,52.168.112.67,443,0,1
Saturday,2025-09-06 14:55:49.535674,192.168.1.132,52.168.112.67,443,0,1
Saturday,2025-09-06 14:55:49.535760,192.168.1.132,52.168.112.67,443,0,1
Saturday,2025-09-06 14:55:49.535790,192.168.1.132,52.168.112.67,443,0,1
Saturday,2025-09-06 14:55:49.535790,192.168.1.132,52.168.112.67,443,0,1
Saturday,2025-09-06 14:55:49.535791,192.168.1.132,52.168.112.67,443,0,1
Saturday,2025-09-06 14:55:49.535791,192.168.1.132,52.168.112.67,443,0,1
Saturday,2025-09-06 14:55:49.535791,192.168.1.132,52.168.112.67,443,0,1
Saturday,2025-09-06 14:55:49.535791,192.168.1.132,52.168.112.67,443,0,1
Saturday,2025-09-06 14:55:49.535792,192.168.1.132,52.168.112.67,443,0,1
Saturday,2025-09-06 14:55:49.535792,192.168.1.132,52.168.112.67,443,0,1
Saturday,2025-09-06 14:55:49.535795,192.168.1.132,52.168.112.67,443,0,1
Saturday,2025-09-06 14:55:49.625689,192.168.1.132,163.70.148.2,443,0,1
Saturday,2025-09-06 14:55:49.630567,163.70.148.2,192.168.1.132,50480,0,1
Saturday,2025-09-06 14:55:49.767780,192.168.1.132,163.70.148.63,443,0,1
Saturday,2025-09-06 14:55:49.772301,163.70.148.63,192.168.1.132,50410,0,1
Saturday,2025-09-06 14:55:49.796482,52.168.112.67,192.168.1.132,49162,0,1
Saturday,2025-09-06 14:55:49.796484,52.168.112.67,192.168.1.132,49162,0,1
Saturday,2025-09-06 14:55:49.796486,52.168.112.67,192.168.1.132,49162,0,1
Saturday,2025-09-06 14:55:49.796488,52.168.112.67,192.168.1.132,49162,0,1
Saturday,2025-09-06 14:55:49.796490,52.168.112.67,192.168.1.132,49162,0,1
Saturday,2025-09-06 14:55:49.796644,192.168.1.132,52.168.112.67,443,0,1
Saturday,2025-09-06 14:55:49.796695,192.168.1.132,52.168.112.67,443,0,1
Saturday,2025-09-06 14:55:49.796847,192.168.1.132,52.168.112.67,443,0,1
Saturday,2025-09-06 14:55:49.797155,52.168.112.67,192.168.1.132,49162,0,1
Saturday,2025-09-06 14:55:49.797156,52.168.112.67,192.168.1.132,49162,0,1
Saturday,2025-09-06 14:55:49.797157,52.168.112.67,192.168.1.132,49162,0,1
Saturday,2025-09-06 14:55:49.808678,52.168.112.67,192.168.1.132,49163,0,1
Saturday,2025-09-06 14:55:49.808680,52.168.112.67,192.168.1.132,49163,0,1
Saturday,2025-09-06 14:55:49.808682,52.168.112.67,192.168.1.132,49163,0,1
Saturday,2025-09-06 14:55:49.808684,52.168.112.67,192.168.1.132,49163,0,1
Saturday,2025-09-06 14:55:49.808687,52.168.112.67,192.168.1.132,49163,0,1
Saturday,2025-09-06 14:55:49.808807,192.168.1.132,52.168.112.67,443,0,1
Saturday,2025-09-06 14:55:49.808884,192.168.1.132,52.168.112.67,443,0,1
Saturday,2025-09-06 14:55:49.809597,192.168.1.132,52.168.112.67,443,0,1
Saturday,2025-09-06 14:55:49.835695,163.70.148.2,192.168.1.132,50480,0,1
Saturday,2025-09-06 14:55:49.836202,192.168.1.132,163.70.148.2,443,0,1
Saturday,2025-09-06 14:55:50.009261,192.168.1.132,140.82.113.22,443,0,1
Saturday,2025-09-06 14:55:50.028095,163.70.148.63,192.168.1.132,50410,0,1
Saturday,2025-09-06 14:55:50.028502,192.168.1.132,163.70.148.63,443,0,1
Saturday,2025-09-06 14:55:50.045010,163.70.148.63,192.168.1.132,50410,0,1
Saturday,2025-09-06 14:55:50.045352,192.168.1.132,163.70.148.63,443,0,1
Saturday,2025-09-06 14:55:50.056114,52.168.112.67,192.168.1.132,49162,0,1
Saturday,2025-09-06 14:55:50.056195,192.168.1.132,52.168.112.67,443,0,1
Saturday,2025-09-06 14:55:50.080064,52.168.112.67,192.168.1.132,49163,0,1
Saturday,2025-09-06 14:55:50.080066,52.168.112.67,192.168.1.132,49163,0,1
Saturday,2025-09-06 14:55:50.080203,192.168.1.132,52.168.112.67,443,0,1
Saturday,2025-09-06 14:55:50.096491,52.168.112.67,192.168.1.132,49162,0,1
Saturday,2025-09-06 14:55:50.596044,192.168.1.132,52.168.112.67,443,0,1
Saturday,2025-09-06 14:55:50.596171,192.168.1.132,52.168.112.67,443,0,1
Saturday,2025-09-06 14:55:50.596173,192.168.1.132,52.168.112.67,443,0,1
Saturday,2025-09-06 14:55:50.596174,192.168.1.132,52.168.112.67,443,0,1
Saturday,2025-09-06 14:55:50.596175,192.168.1.132,52.168.112.67,443,0,1
Saturday,2025-09-06 14:55:50.596176,192.168.1.132,52.168.112.67,443,0,1
Saturday,2025-09-06 14:55:50.596177,192.168.1.132,52.168.112.67,443,0,1
Saturday,2025-09-06 14:55:50.596177,192.168.1.132,52.168.112.67,443,0,1
Saturday,2025-09-06 14:55:50.596178,192.168.1.132,52.168.112.67,443,0,1
Saturday,2025-09-06 14:55:50.596178,192.168.1.132,52.168.112.67,443,0,1
Saturday,2025-09-06 14:55:50.596179,192.168.1.132,52.168.112.67,443,0,1
Saturday,2025-09-06 14:55:50.596188,192.168.1.132,52.168.112.67,443,0,1
Saturday,2025-09-06 14:55:50.966834,52.168.112.67,192.168.1.132,49162,0,1
Saturday,2025-09-06 14:55:50.966836,52.168.112.67,192.168.1.132,49162,0,1
Saturday,2025-09-06 14:55:50.966837,52.168.112.67,192.168.1.132,49162,0,1
Saturday,2025-09-06 14:55:50.966839,52.168.112.67,192.168.1.132,49162,0,1
Saturday,2025-09-06 14:55:50.966840,52.168.112.67,192.168.1.132,49162,0,1
Saturday,2025-09-06 14:55:50.966841,52.168.112.67,192.168.1.132,49162,0,1
Saturday,2025-09-06 14:55:50.966976,192.168.1.132,52.168.112.67,443,0,1
Saturday,2025-09-06 14:55:51.325481,192.168.1.132,35.186.224.40,443,0,1
Saturday,2025-09-06 14:55:51.353958,35.186.224.40,192.168.1.132,50416,0,1
Saturday,2025-09-06 14:55:51.412498,35.186.224.40,192.168.1.132,50416,0,1
Saturday,2025-09-06 14:55:51.412995,192.168.1.132,35.186.224.40,443,0,1
Saturday,2025-09-06 14:55:51.616642,192.168.1.132,163.70.148.63,443,0,1
Saturday,2025-09-06 14:55:51.621804,163.70.148.63,192.168.1.132,50391,0,1
Saturday,2025-09-06 14:55:51.885905,163.70.148.63,192.168.1.132,50391,0,1
Saturday,2025-09-06 14:55:51.886370,192.168.1.132,163.70.148.63,443,0,1
Saturday,2025-09-06 14:55:52.012384,192.168.1.132,162.159.130.234,443,0,1
Saturday,2025-09-06 14:55:52.017841,162.159.130.234,192.168.1.132,63719,0,1
Saturday,2025-09-06 14:55:52.282519,192.168.1.132,140.82.113.22,443,0,1
Saturday,2025-09-06 14:55:52.288146,162.159.130.234,192.168.1.132,63719,0,1
Saturday,2025-09-06 14:55:52.288263,192.168.1.132,162.159.130.234,443,0,1
Saturday,2025-09-06 14:55:52.290876,140.82.113.22,192.168.1.132,65524,0,1
Saturday,2025-09-06 14:55:52.744929,192.168.1.132,103.10.124.4,443,0,1
Saturday,2025-09-06 14:55:52.773969,103.10.124.4,192.168.1.132,62425,0,1
Saturday,2025-09-06 14:55:52.904019,192.168.1.132,52.168.112.67,443,0,1
Saturday,2025-09-06 14:55:52.904162,192.168.1.132,52.168.112.67,443,0,1
Saturday,2025-09-06 14:55:52.904164,192.168.1.132,52.168.112.67,443,0,1
Saturday,2025-09-06 14:55:52.904165,192.168.1.132,52.168.112.67,443,0,1
Saturday,2025-09-06 14:55:52.904165,192.168.1.132,52.168.112.67,443,0,1
Saturday,2025-09-06 14:55:52.904166,192.168.1.132,52.168.112.67,443,0,1
Saturday,2025-09-06 14:55:52.904167,192.168.1.132,52.168.112.67,443,0,1
Saturday,2025-09-06 14:55:52.904167,192.168.1.132,52.168.112.67,443,0,1
Saturday,2025-09-06 14:55:52.904168,192.168.1.132,52.168.112.67,443,0,1
Saturday,2025-09-06 14:55:52.904169,192.168.1.132,52.168.112.67,443,0,1
Saturday,2025-09-06 14:55:52.904170,192.168.1.132,52.168.112.67,443,0,1
Saturday,2025-09-06 14:55:52.904178,192.168.1.132,52.168.112.67,443,0,1
Saturday,2025-09-06 14:55:53.051374,192.168.1.132,52.168.112.67,443,0,1
Saturday,2025-09-06 14:55:53.163363,52.168.112.67,192.168.1.132,49162,0,1
Saturday,2025-09-06 14:55:53.163956,52.168.112.67,192.168.1.132,49162,0,1
Saturday,2025-09-06 14:55:53.163959,52.168.112.67,192.168.1.132,49162,0,1
Saturday,2025-09-06 14:55:53.163960,52.168.112.67,192.168.1.132,49162,0,1
Saturday,2025-09-06 14:55:53.163961,52.168.112.67,192.168.1.132,49162,0,1
Saturday,2025-09-06 14:55:53.165553,52.168.112.67,192.168.1.132,49162,0,1
Saturday,2025-09-06 14:55:53.165638,192.168.1.132,52.168.112.67,443,0,1
Saturday,2025-09-06 14:55:53.322376,52.168.112.67,192.168.1.132,49163,0,1
Saturday,2025-09-06 14:55:55.113488,192.168.1.132,52.168.112.67,443,0,1
Saturday,2025-09-06 14:55:55.113567,192.168.1.132,52.168.112.67,443,0,1
Saturday,2025-09-06 14:55:55.113568,192.168.1.132,52.168.112.67,443,0,1
Saturday,2025-09-06 14:55:55.113568,192.168.1.132,52.168.112.67,443,0,1
Saturday,2025-09-06 14:55:55.113569,192.168.1.132,52.168.112.67,443,0,1
Saturday,2025-09-06 14:55:55.113575,192.168.1.132,52.168.112.67,443,0,1
Saturday,2025-09-06 14:55:55.471459,52.168.112.67,192.168.1.132,49162,0,1
Saturday,2025-09-06 14:55:55.471461,52.168.112.67,192.168.1.132,49162,0,1
Saturday,2025-09-06 14:55:55.471463,52.168.112.67,192.168.1.132,49162,0,1
Saturday,2025-09-06 14:55:55.471612,192.168.1.132,52.168.112.67,443,0,1
Saturday,2025-09-06 14:55:55.472389,192.168.1.132,52.168.112.67,443,0,1
Saturday,2025-09-06 14:55:55.723168,192.168.1.132,163.70.148.63,443,0,1
Saturday,2025-09-06 14:55:55.731373,163.70.148.63,192.168.1.132,50410,0,1
Saturday,2025-09-06 14:55:55.785442,52.168.112.67,192.168.1.132,49162,0,1
Saturday,2025-09-06 14:55:55.987091,163.70.148.63,192.168.1.132,50410,0,1
Saturday,2025-09-06 14:55:55.987492,192.168.1.132,163.70.148.63,443,0,1
Saturday,2025-09-06 14:55:56.321685,192.168.1.132,140.82.112.21,443,0,1
Saturday,2025-09-06 14:55:56.321739,192.168.1.132,140.82.112.21,443,0,1
Saturday,2025-09-06 14:55:56.596374,140.82.112.21,192.168.1.132,65370,0,1
Saturday,2025-09-06 14:55:56.596377,140.82.112.21,192.168.1.132,65370,0,1
Saturday,2025-09-06 14:55:56.596549,192.168.1.132,140.82.112.21,443,0,1
Saturday,2025-09-06 14:55:56.905045,140.82.112.21,192.168.1.132,65370,0,1
Saturday,2025-09-06 14:55:56.905104,192.168.1.132,140.82.112.21,443,0,1
Saturday,2025-09-06 14:55:57.302090,192.168.1.132,52.168.112.67,443,0,1
Saturday,2025-09-06 14:55:57.302216,192.168.1.132,52.168.112.67,443,0,1
Saturday,2025-09-06 14:55:57.302219,192.168.1.132,52.168.112.67,443,0,1
Saturday,2025-09-06 14:55:57.302220,192.168.1.132,52.168.112.67,443,0,1
Saturday,2025-09-06 14:55:57.302220,192.168.1.132,52.168.112.67,443,0,1
Saturday,2025-09-06 14:55:57.302221,192.168.1.132,52.168.112.67,443,0,1
Saturday,2025-09-06 14:55:57.302222,192.168.1.132,52.168.112.67,443,0,1
Saturday,2025-09-06 14:55:57.302223,192.168.1.132,52.168.112.67,443,0,1
Saturday,2025-09-06 14:55:57.302225,192.168.1.132,52.168.112.67,443,0,1
Saturday,2025-09-06 14:55:57.302225,192.168.1.132,52.168.112.67,443,0,1
Saturday,2025-09-06 14:55:57.302226,192.168.1.132,52.168.112.67,443,0,1
Saturday,2025-09-06 14:55:57.302237,192.168.1.132,52.168.112.67,443,0,1
Saturday,2025-09-06 14:55:57.562192,52.168.112.67,192.168.1.132,49162,0,1
Saturday,2025-09-06 14:55:57.564779,52.168.112.67,192.168.1.132,49162,0,1
Saturday,2025-09-06 14:55:57.564780,52.168.112.67,192.168.1.132,49162,0,1
Saturday,2025-09-06 14:55:57.564781,52.168.112.67,192.168.1.132,49162,0,1
Saturday,2025-09-06 14:55:57.929370,52.168.112.67,192.168.1.132,49162,0,1
Saturday,2025-09-06 14:55:57.929499,192.168.1.132,52.168.112.67,443,0,1
Saturday,2025-09-06 14:55:58.052373,192.168.1.132,52.168.112.67,443,0,1
Saturday,2025-09-06 14:55:58.439445,52.168.112.67,192.168.1.132,49162,0,1
Saturday,2025-09-06 14:55:58.439648,192.168.1.132,52.168.112.67,443,0,1
Saturday,2025-09-06 14:55:59.010315,192.168.1.132,35.186.224.45,443,0,1
Saturday,2025-09-06 14:55:59.046998,35.186.224.45,192.168.1.132,62426,0,1
Saturday,2025-09-06 14:55:59.098631,35.186.224.45,192.168.1.132,62426,0,1
Saturday,2025-09-06 14:55:59.098760,192.168.1.132,35.186.224.45,443,0,1
Saturday,2025-09-06 14:55:59.619439,192.168.1.132,52.168.112.67,443,1,0
Saturday,2025-09-06 14:55:59.870128,192.168.1.132,52.168.112.67,443,1,0
Saturday,2025-09-06 14:55:59.872485,162.159.130.234,192.168.1.132,63719,0,1
Saturday,2025-09-06 14:55:59.872608,192.168.1.132,162.159.130.234,443,0,1
Saturday,2025-09-06 14:55:59.888826,52.168.112.67,192.168.1.132,49164,1,1
Saturday,2025-09-06 14:55:59.888987,192.168.1.132,52.168.112.67,443,0,1
Saturday,2025-09-06 14:55:59.889274,192.168.1.132,52.168.112.67,443,0,1
Saturday,2025-09-06 14:55:59.889285,192.168.1.132,52.168.112.67,443,0,1
Saturday,2025-09-06 14:55:59.937194,192.168.1.132,163.70.148.2,443,0,1
Saturday,2025-09-06 14:55:59.942181,163.70.148.2,192.168.1.132,50480,0,1
Saturday,2025-09-06 14:56:00.133359,52.168.112.67,192.168.1.132,49165,1,1
Saturday,2025-09-06 14:56:00.133477,192.168.1.132,52.168.112.67,443,0,1
Saturday,2025-09-06 14:56:00.133634,192.168.1.132,52.168.112.67,443,0,1
Saturday,2025-09-06 14:56:00.133641,192.168.1.132,52.168.112.67,443,0,1
Saturday,2025-09-06 14:56:00.146770,163.70.148.2,192.168.1.132,50480,0,1
Saturday,2025-09-06 14:56:00.147097,192.168.1.132,163.70.148.2,443,0,1
Saturday,2025-09-06 14:56:00.156268,52.168.112.67,192.168.1.132,49164,0,1
Saturday,2025-09-06 14:56:00.156270,52.168.112.67,192.168.1.132,49164,0,1
Saturday,2025-09-06 14:56:00.156369,192.168.1.132,52.168.112.67,443,0,1
Saturday,2025-09-06 14:56:00.156832,192.168.1.132,52.168.112.67,443,0,1
Saturday,2025-09-06 14:56:00.487584,52.168.112.67,192.168.1.132,49165,0,1
Saturday,2025-09-06 14:56:00.488048,52.168.112.67,192.168.1.132,49165,0,1
Saturday,2025-09-06 14:56:00.488142,192.168.1.132,52.168.112.67,443,0,1
Saturday,2025-09-06 14:56:00.488821,192.168.1.132,52.168.112.67,443,0,1
Saturday,2025-09-06 14:56:00.490283,52.168.112.67,192.168.1.132,49164,0,1
Saturday,2025-09-06 14:56:00.490285,52.168.112.67,192.168.1.132,49164,0,1
Saturday,2025-09-06 14:56:00.490287,52.168.112.67,192.168.1.132,49164,0,1
Saturday,2025-09-06 14:56:00.490289,52.168.112.67,192.168.1.132,49164,0,1
Saturday,2025-09-06 14:56:00.490291,52.168.112.67,192.168.1.132,49164,0,1
Saturday,2025-09-06 14:56:00.490381,192.168.1.132,52.168.112.67,443,0,1
Saturday,2025-09-06 14:56:00.490457,192.168.1.132,52.168.112.67,443,0,1
Saturday,2025-09-06 14:56:00.491668,192.168.1.132,52.168.112.67,443,0,1
Saturday,2025-09-06 14:56:00.491768,192.168.1.132,52.168.112.67,443,0,1
Saturday,2025-09-06 14:56:00.491863,192.168.1.132,52.168.112.67,443,0,1
Saturday,2025-09-06 14:56:00.491895,192.168.1.132,52.168.112.67,443,0,1
Saturday,2025-09-06 14:56:00.491895,192.168.1.132,52.168.112.67,443,0,1
Saturday,2025-09-06 14:56:00.491896,192.168.1.132,52.168.112.67,443,0,1
Saturday,2025-09-06 14:56:00.491896,192.168.1.132,52.168.112.67,443,0,1
Saturday,2025-09-06 14:56:00.491897,192.168.1.132,52.168.112.67,443,0,1
Saturday,2025-09-06 14:56:00.491897,192.168.1.132,52.168.112.67,443,0,1
Saturday,2025-09-06 14:56:00.491898,192.168.1.132,52.168.112.67,443,0,1
Saturday,2025-09-06 14:56:00.491898,192.168.1.132,52.168.112.67,443,0,1
Saturday,2025-09-06 14:56:00.491901,192.168.1.132,52.168.112.67,443,0,1
Saturday,2025-09-06 14:56:00.797196,52.168.112.67,192.168.1.132,49165,0,1
Saturday,2025-09-06 14:56:00.797198,52.168.112.67,192.168.1.132,49165,0,1
Saturday,2025-09-06 14:56:00.797199,52.168.112.67,192.168.1.132,49165,0,1
Saturday,2025-09-06 14:56:00.797200,52.168.112.67,192.168.1.132,49165,0,1
Saturday,2025-09-06 14:56:00.797201,52.168.112.67,192.168.1.132,49165,0,1
Saturday,2025-09-06 14:56:00.797202,52.168.112.67,192.168.1.132,49164,0,1
Saturday,2025-09-06 14:56:00.797203,52.168.112.67,192.168.1.132,49164,0,1
Saturday,2025-09-06 14:56:00.797204,52.168.112.67,192.168.1.132,49164,0,1
Saturday,2025-09-06 14:56:00.797204,52.168.112.67,192.168.1.132,49164,0,1
Saturday,2025-09-06 14:56:00.797205,52.168.112.67,192.168.1.132,49164,0,1
Saturday,2025-09-06 14:56:00.797206,52.168.112.67,192.168.1.132,49164,0,1
Saturday,2025-09-06 14:56:00.797206,52.168.112.67,192.168.1.132,49164,0,1
Saturday,2025-09-06 14:56:00.797207,52.168.112.67,192.168.1.132,49164,0,1
Saturday,2025-09-06 14:56:00.797208,52.168.112.67,192.168.1.132,49164,0,1
Saturday,2025-09-06 14:56:00.797303,192.168.1.132,52.168.112.67,443,0,1
Saturday,2025-09-06 14:56:00.797348,192.168.1.132,52.168.112.67,443,0,1
Saturday,2025-09-06 14:56:00.797368,192.168.1.132,52.168.112.67,443,0,1
Saturday,2025-09-06 14:56:00.797373,192.168.1.132,52.168.112.67,443,0,1
Saturday,2025-09-06 14:56:00.797760,192.168.1.132,52.168.112.67,443,0,1
Saturday,2025-09-06 14:56:00.797811,192.168.1.132,52.168.112.67,443,0,1
Saturday,2025-09-06 14:56:01.060077,52.168.112.67,192.168.1.132,49165,0,1
Saturday,2025-09-06 14:56:01.060081,52.168.112.67,192.168.1.132,49165,0,1
Saturday,2025-09-06 14:56:01.060226,192.168.1.132,52.168.112.67,443,0,1
Saturday,2025-09-06 14:56:01.061725,52.168.112.67,192.168.1.132,49164,0,1
Saturday,2025-09-06 14:56:01.061837,192.168.1.132,52.168.112.67,443,0,1
Saturday,2025-09-06 14:56:01.115983,52.168.112.67,192.168.1.132,49164,0,1
Saturday,2025-09-06 14:56:01.885880,192.168.1.132,52.168.112.67,443,0,1
Saturday,2025-09-06 14:56:01.886005,192.168.1.132,52.168.112.67,443,0,1
Saturday,2025-09-06 14:56:01.886006,192.168.1.132,52.168.112.67,443,0,1
Saturday,2025-09-06 14:56:01.886008,192.168.1.132,52.168.112.67,443,0,1
Saturday,2025-09-06 14:56:01.886009,192.168.1.132,52.168.112.67,443,0,1
Saturday,2025-09-06 14:56:01.886010,192.168.1.132,52.168.112.67,443,0,1
Saturday,2025-09-06 14:56:01.886012,192.168.1.132,52.168.112.67,443,0,1
Saturday,2025-09-06 14:56:01.886013,192.168.1.132,52.168.112.67,443,0,1
Saturday,2025-09-06 14:56:01.886013,192.168.1.132,52.168.112.67,443,0,1
Saturday,2025-09-06 14:56:01.886023,192.168.1.132,52.168.112.67,443,0,1
Saturday,2025-09-06 14:56:02.229674,52.168.112.67,192.168.1.132,49164,0,1
Saturday,2025-09-06 14:56:02.229676,52.168.112.67,192.168.1.132,49164,0,1
Saturday,2025-09-06 14:56:02.229677,52.168.112.67,192.168.1.132,49164,0,1
Saturday,2025-09-06 14:56:02.229679,52.168.112.67,192.168.1.132,49164,0,1
Saturday,2025-09-06 14:56:02.315099,52.168.112.67,192.168.1.132,49164,0,1
Saturday,2025-09-06 14:56:02.315223,192.168.1.132,52.168.112.67,443,0,1
Saturday,2025-09-06 14:56:03.053084,192.168.1.132,52.168.112.67,443,0,1
Saturday,2025-09-06 14:56:03.053238,192.168.1.132,52.168.112.67,443,0,1
Saturday,2025-09-06 14:56:03.354702,52.168.112.67,192.168.1.132,49165,0,1
Saturday,2025-09-06 14:56:03.354705,52.168.112.67,192.168.1.132,49164,0,1
Saturday,2025-09-06 14:56:03.354902,192.168.1.132,52.168.112.67,443,0,1
Saturday,2025-09-06 14:56:04.011362,192.168.1.132,35.186.224.40,443,0,1
Saturday,2025-09-06 14:56:04.039707,35.186.224.40,192.168.1.132,62418,0,1
Saturday,2025-09-06 14:56:04.079746,192.168.1.132,52.168.112.67,443,1,0
Saturday,2025-09-06 14:56:04.098580,35.186.224.40,192.168.1.132,62418,0,1
Saturday,2025-09-06 14:56:04.098697,192.168.1.132,35.186.224.40,443,0,1
Saturday,2025-09-06 14:56:04.334691,192.168.1.132,52.168.112.67,443,1,0
Saturday,2025-09-06 14:56:04.344818,52.168.112.67,192.168.1.132,49166,1,1
Saturday,2025-09-06 14:56:04.344973,192.168.1.132,52.168.112.67,443,0,1
Saturday,2025-09-06 14:56:04.345197,192.168.1.132,52.168.112.67,443,0,1
Saturday,2025-09-06 14:56:04.345203,192.168.1.132,52.168.112.67,443,0,1
Saturday,2025-09-06 14:56:04.685930,52.168.112.67,192.168.1.132,49167,1,1
Saturday,2025-09-06 14:56:04.685933,52.168.112.67,192.168.1.132,49166,0,1
Saturday,2025-09-06 14:56:04.685936,52.168.112.67,192.168.1.132,49166,0,1
Saturday,2025-09-06 14:56:04.686128,192.168.1.132,52.168.112.67,443,0,1
Saturday,2025-09-06 14:56:04.686196,192.168.1.132,52.168.112.67,443,0,1
Saturday,2025-09-06 14:56:04.686335,192.168.1.132,52.168.112.67,443,0,1
Saturday,2025-09-06 14:56:04.686341,192.168.1.132,52.168.112.67,443,0,1
Saturday,2025-09-06 14:56:04.686740,192.168.1.132,52.168.112.67,443,0,1
Saturday,2025-09-06 14:56:04.810120,17.248.224.68,192.168.1.132,52463,0,1
Saturday,2025-09-06 14:56:04.810123,17.248.224.68,192.168.1.132,52463,0,1
Saturday,2025-09-06 14:56:04.810495,192.168.1.132,17.248.224.68,443,0,1
Saturday,2025-09-06 14:56:04.810499,192.168.1.132,17.248.224.68,443,0,1
Saturday,2025-09-06 14:56:04.810727,192.168.1.132,17.248.224.68,443,0,1
Saturday,2025-09-06 14:56:04.811079,192.168.1.132,17.248.224.68,443,0,1
Saturday,2025-09-06 14:56:04.811411,192.168.1.132,17.248.224.68,443,0,1
Saturday,2025-09-06 14:56:04.847807,17.248.224.68,192.168.1.132,52463,0,1
Saturday,2025-09-06 14:56:04.847809,17.248.224.68,192.168.1.132,52463,0,1
Saturday,2025-09-06 14:56:04.847810,17.248.224.68,192.168.1.132,52463,0,1
Saturday,2025-09-06 14:56:04.847811,17.248.224.68,192.168.1.132,52463,0,1
Saturday,2025-09-06 14:56:04.847812,17.248.224.68,192.168.1.132,52463,0,1
Saturday,2025-09-06 14:56:04.848011,192.168.1.132,17.248.224.68,443,0,1
Saturday,2025-09-06 14:56:04.848014,192.168.1.132,17.248.224.68,443,0,1
Saturday,2025-09-06 14:56:04.882110,17.248.224.68,192.168.1.132,52463,0,0
Saturday,2025-09-06 14:56:04.882113,17.248.224.68,192.168.1.132,52463,0,0
Saturday,2025-09-06 14:56:04.882196,192.168.1.132,17.248.224.68,443,0,0
Saturday,2025-09-06 14:56:04.882200,192.168.1.132,17.248.224.68,443,0,0
Saturday,2025-09-06 14:56:04.950667,52.168.112.67,192.168.1.132,49167,0,1
Saturday,2025-09-06 14:56:04.955341,52.168.112.67,192.168.1.132,49166,0,1
Saturday,2025-09-06 14:56:04.955345,52.168.112.67,192.168.1.132,49166,0,1
Saturday,2025-09-06 14:56:04.955346,52.168.112.67,192.168.1.132,49166,0,1
Saturday,2025-09-06 14:56:04.955348,52.168.112.67,192.168.1.132,49166,0,1
Saturday,2025-09-06 14:56:04.955350,52.168.112.67,192.168.1.132,49166,0,1
Saturday,2025-09-06 14:56:04.955493,192.168.1.132,52.168.112.67,443,0,1
Saturday,2025-09-06 14:56:04.955637,192.168.1.132,52.168.112.67,443,0,1
Saturday,2025-09-06 14:56:04.956254,192.168.1.132,52.168.112.67,443,0,1
Saturday,2025-09-06 14:56:04.956334,192.168.1.132,52.168.112.67,443,0,1
Saturday,2025-09-06 14:56:04.956429,192.168.1.132,52.168.112.67,443,0,1
Saturday,2025-09-06 14:56:04.956459,192.168.1.132,52.168.112.67,443,0,1
Saturday,2025-09-06 14:56:04.956459,192.168.1.132,52.168.112.67,443,0,1
Saturday,2025-09-06 14:56:04.956460,192.168.1.132,52.168.112.67,443,0,1
Saturday,2025-09-06 14:56:04.956461,192.168.1.132,52.168.112.67,443,0,1
Saturday,2025-09-06 14:56:04.956461,192.168.1.132,52.168.112.67,443,0,1
Saturday,2025-09-06 14:56:04.956464,192.168.1.132,52.168.112.67,443,0,1
Saturday,2025-09-06 14:56:04.988844,52.168.112.67,192.168.1.132,49167,0,1
Saturday,2025-09-06 14:56:04.988910,192.168.1.132,52.168.112.67,443,0,1
Saturday,2025-09-06 14:56:04.989434,192.168.1.132,52.168.112.67,443,0,1
Saturday,2025-09-06 14:56:05.301758,52.168.112.67,192.168.1.132,49166,0,1
Saturday,2025-09-06 14:56:05.301761,52.168.112.67,192.168.1.132,49166,0,1
Saturday,2025-09-06 14:56:05.301762,52.168.112.67,192.168.1.132,49166,0,1
Saturday,2025-09-06 14:56:05.301763,52.168.112.67,192.168.1.132,49167,0,1
Saturday,2025-09-06 14:56:05.301765,52.168.112.67,192.168.1.132,49167,0,1
Saturday,2025-09-06 14:56:05.301767,52.168.112.67,192.168.1.132,49167,0,1
Saturday,2025-09-06 14:56:05.301769,52.168.112.67,192.168.1.132,49167,0,1
Saturday,2025-09-06 14:56:05.301771,52.168.112.67,192.168.1.132,49167,0,1
Saturday,2025-09-06 14:56:05.301909,192.168.1.132,52.168.112.67,443,0,1
Saturday,2025-09-06 14:56:05.301970,192.168.1.132,52.168.112.67,443,0,1
Saturday,2025-09-06 14:56:05.302102,192.168.1.132,52.168.112.67,443,0,1
Saturday,2025-09-06 14:56:05.302420,192.168.1.132,52.168.112.67,443,0,1
Saturday,2025-09-06 14:56:05.302442,192.168.1.132,52.168.112.67,443,0,1
Saturday,2025-09-06 14:56:05.607894,52.168.112.67,192.168.1.132,49166,0,1
Saturday,2025-09-06 14:56:05.607896,52.168.112.67,192.168.1.132,49167,0,1
Saturday,2025-09-06 14:56:05.607897,52.168.112.67,192.168.1.132,49167,0,1
Saturday,2025-09-06 14:56:05.607992,192.168.1.132,52.168.112.67,443,0,1
Saturday,2025-09-06 14:56:05.608047,192.168.1.132,52.168.112.67,443,0,1
Saturday,2025-09-06 14:56:05.616570,52.168.112.67,192.168.1.132,49166,0,1
Saturday,2025-09-06 14:56:06.335251,192.168.1.132,52.168.112.67,443,0,1
Saturday,2025-09-06 14:56:06.335377,192.168.1.132,52.168.112.67,443,0,1
Saturday,2025-09-06 14:56:06.335378,192.168.1.132,52.168.112.67,443,0,1
Saturday,2025-09-06 14:56:06.335380,192.168.1.132,52.168.112.67,443,0,1
Saturday,2025-09-06 14:56:06.335382,192.168.1.132,52.168.112.67,443,0,1
Saturday,2025-09-06 14:56:06.335383,192.168.1.132,52.168.112.67,443,0,1
Saturday,2025-09-06 14:56:06.335384,192.168.1.132,52.168.112.67,443,0,1
Saturday,2025-09-06 14:56:06.335386,192.168.1.132,52.168.112.67,443,0,1
Saturday,2025-09-06 14:56:06.335386,192.168.1.132,52.168.112.67,443,0,1
Saturday,2025-09-06 14:56:06.335387,192.168.1.132,52.168.112.67,443,0,1
Saturday,2025-09-06 14:56:06.335388,192.168.1.132,52.168.112.67,443,0,1
Saturday,2025-09-06 14:56:06.335389,192.168.1.132,52.168.112.67,443,0,1
Saturday,2025-09-06 14:56:06.335399,192.168.1.132,52.168.112.67,443,0,1
Saturday,2025-09-06 14:56:06.335424,192.168.1.132,52.168.112.67,443,0,1
Saturday,2025-09-06 14:56:06.335429,192.168.1.132,52.168.112.67,443,0,1
Saturday,2025-09-06 14:56:06.632913,52.168.112.67,192.168.1.132,49166,0,1
Saturday,2025-09-06 14:56:06.632915,52.168.112.67,192.168.1.132,49166,0,1
Saturday,2025-09-06 14:56:06.632916,52.168.112.67,192.168.1.132,49166,0,1
Saturday,2025-09-06 14:56:06.632917,52.168.112.67,192.168.1.132,49166,0,1
Saturday,2025-09-06 14:56:06.632918,52.168.112.67,192.168.1.132,49166,0,1
Saturday,2025-09-06 14:56:06.632918,52.168.112.67,192.168.1.132,49166,0,1
Saturday,2025-09-06 14:56:06.632919,52.168.112.67,192.168.1.132,49166,0,1
Saturday,2025-09-06 14:56:06.633083,192.168.1.132,52.168.112.67,443,0,1
Saturday,2025-09-06 14:56:06.987544,192.168.1.132,163.70.148.63,443,0,1
Saturday,2025-09-06 14:56:06.993049,163.70.148.63,192.168.1.132,50391,0,1
Saturday,2025-09-06 14:56:07.348254,163.70.148.63,192.168.1.132,50391,0,1
Saturday,2025-09-06 14:56:07.348675,192.168.1.132,163.70.148.63,443,0,1
Saturday,2025-09-06 14:56:08.054471,192.168.1.132,52.168.112.67,443,0,1
Saturday,2025-09-06 14:56:08.054665,192.168.1.132,52.168.112.67,443,0,1
Saturday,2025-09-06 14:56:08.372368,52.168.112.67,192.168.1.132,49167,0,1
Saturday,2025-09-06 14:56:08.372371,52.168.112.67,192.168.1.132,49166,0,1
Saturday,2025-09-06 14:56:08.372597,192.168.1.132,52.168.112.67,443,0,1
Saturday,2025-09-06 14:56:08.594811,192.168.1.132,52.168.112.67,443,1,0
Saturday,2025-09-06 14:56:08.846364,192.168.1.132,52.168.112.67,443,1,0
Saturday,2025-09-06 14:56:08.857657,52.168.112.67,192.168.1.132,49168,1,1
Saturday,2025-09-06 14:56:08.857784,192.168.1.132,52.168.112.67,443,0,1
Saturday,2025-09-06 14:56:08.858005,192.168.1.132,52.168.112.67,443,0,1
Saturday,2025-09-06 14:56:08.858012,192.168.1.132,52.168.112.67,443,0,1
Saturday,2025-09-06 14:56:09.193178,52.168.112.67,192.168.1.132,49169,1,1
Saturday,2025-09-06 14:56:09.193181,52.168.112.67,192.168.1.132,49168,0,1
Saturday,2025-09-06 14:56:09.193182,52.168.112.67,192.168.1.132,49168,0,1
Saturday,2025-09-06 14:56:09.193335,192.168.1.132,52.168.112.67,443,0,1
Saturday,2025-09-06 14:56:09.193393,192.168.1.132,52.168.112.67,443,0,1
Saturday,2025-09-06 14:56:09.193655,192.168.1.132,52.168.112.67,443,0,1
Saturday,2025-09-06 14:56:09.193668,192.168.1.132,52.168.112.67,443,0,1
Saturday,2025-09-06 14:56:09.194377,192.168.1.132,52.168.112.67,443,0,1
Saturday,2025-09-06 14:56:09.500265,52.168.112.67,192.168.1.132,49168,0,1
Saturday,2025-09-06 14:56:09.500268,52.168.112.67,192.168.1.132,49168,0,1
Saturday,2025-09-06 14:56:09.500270,52.168.112.67,192.168.1.132,49168,0,1
Saturday,2025-09-06 14:56:09.500272,52.168.112.67,192.168.1.132,49168,0,1
Saturday,2025-09-06 14:56:09.500274,52.168.112.67,192.168.1.132,49168,0,1
Saturday,2025-09-06 14:56:09.500275,52.168.112.67,192.168.1.132,49169,0,1
Saturday,2025-09-06 14:56:09.500276,52.168.112.67,192.168.1.132,49169,0,1
Saturday,2025-09-06 14:56:09.500445,192.168.1.132,52.168.112.67,443,0,1
Saturday,2025-09-06 14:56:09.500518,192.168.1.132,52.168.112.67,443,0,1
Saturday,2025-09-06 14:56:09.500584,192.168.1.132,52.168.112.67,443,0,1
Saturday,2025-09-06 14:56:09.501470,192.168.1.132,52.168.112.67,443,0,1
Saturday,2025-09-06 14:56:09.502222,192.168.1.132,52.168.112.67,443,0,1
Saturday,2025-09-06 14:56:09.502312,192.168.1.132,52.168.112.67,443,0,1
Saturday,2025-09-06 14:56:09.502478,192.168.1.132,52.168.112.67,443,0,1
Saturday,2025-09-06 14:56:09.502542,192.168.1.132,52.168.112.67,443,0,1
Saturday,2025-09-06 14:56:09.502544,192.168.1.132,52.168.112.67,443,0,1
Saturday,2025-09-06 14:56:09.502545,192.168.1.132,52.168.112.67,443,0,1
Saturday,2025-09-06 14:56:09.502546,192.168.1.132,52.168.112.67,443,0,1
Saturday,2025-09-06 14:56:09.502548,192.168.1.132,52.168.112.67,443,0,1
Saturday,2025-09-06 14:56:09.502549,192.168.1.132,52.168.112.67,443,0,1
Saturday,2025-09-06 14:56:09.502549,192.168.1.132,52.168.112.67,443,0,1
Saturday,2025-09-06 14:56:09.502555,192.168.1.132,52.168.112.67,443,0,1
Saturday,2025-09-06 14:56:09.807274,52.168.112.67,192.168.1.132,49168,0,1
Saturday,2025-09-06 14:56:09.807275,52.168.112.67,192.168.1.132,49168,0,1
Saturday,2025-09-06 14:56:09.807276,52.168.112.67,192.168.1.132,49168,0,1
Saturday,2025-09-06 14:56:09.807276,52.168.112.67,192.168.1.132,49168,0,1
Saturday,2025-09-06 14:56:09.807277,52.168.112.67,192.168.1.132,49168,0,1
Saturday,2025-09-06 14:56:09.807277,52.168.112.67,192.168.1.132,49169,0,1
Saturday,2025-09-06 14:56:09.807278,52.168.112.67,192.168.1.132,49169,0,1
Saturday,2025-09-06 14:56:09.807279,52.168.112.67,192.168.1.132,49169,0,1
Saturday,2025-09-06 14:56:09.807279,52.168.112.67,192.168.1.132,49169,0,1
Saturday,2025-09-06 14:56:09.807280,52.168.112.67,192.168.1.132,49169,0,1
Saturday,2025-09-06 14:56:09.807339,192.168.1.132,52.168.112.67,443,0,1
Saturday,2025-09-06 14:56:09.807363,192.168.1.132,52.168.112.67,443,0,1
Saturday,2025-09-06 14:56:09.807370,192.168.1.132,52.168.112.67,443,0,1
Saturday,2025-09-06 14:56:09.807422,192.168.1.132,52.168.112.67,443,0,1
Saturday,2025-09-06 14:56:09.807794,192.168.1.132,52.168.112.67,443,0,1
Saturday,2025-09-06 14:56:09.807819,192.168.1.132,52.168.112.67,443,0,1
Saturday,2025-09-06 14:56:10.102827,52.168.112.67,192.168.1.132,49168,0,1
Saturday,2025-09-06 14:56:10.102830,52.168.112.67,192.168.1.132,49169,0,1
Saturday,2025-09-06 14:56:10.102831,52.168.112.67,192.168.1.132,49169,0,1
Saturday,2025-09-06 14:56:10.102957,192.168.1.132,52.168.112.67,443,0,1
Saturday,2025-09-06 14:56:10.103005,192.168.1.132,52.168.112.67,443,0,1
Saturday,2025-09-06 14:56:10.112462,52.168.112.67,192.168.1.132,49168,0,1
Saturday,2025-09-06 14:56:10.247960,192.168.1.132,163.70.148.2,443,0,1
Saturday,2025-09-06 14:56:10.252729,163.70.148.2,192.168.1.132,50480,0,1
Saturday,2025-09-06 14:56:10.458215,163.70.148.2,192.168.1.132,50480,0,1
Saturday,2025-09-06 14:56:10.458617,192.168.1.132,163.70.148.2,443,0,1
Saturday,2025-09-06 14:56:10.668871,192.168.1.132,52.168.112.67,443,0,1
Saturday,2025-09-06 14:56:10.668946,192.168.1.132,52.168.112.67,443,0,1
Saturday,2025-09-06 14:56:10.668947,192.168.1.132,52.168.112.67,443,0,1
Saturday,2025-09-06 14:56:10.668948,192.168.1.132,52.168.112.67,443,0,1
Saturday,2025-09-06 14:56:10.668948,192.168.1.132,52.168.112.67,443,0,1
Saturday,2025-09-06 14:56:10.668948,192.168.1.132,52.168.112.67,443,0,1
Saturday,2025-09-06 14:56:10.668949,192.168.1.132,52.168.112.67,443,0,1
Saturday,2025-09-06 14:56:10.668950,192.168.1.132,52.168.112.67,443,0,1
Saturday,2025-09-06 14:56:10.668950,192.168.1.132,52.168.112.67,443,0,1
Saturday,2025-09-06 14:56:10.668951,192.168.1.132,52.168.112.67,443,0,1
Saturday,2025-09-06 14:56:10.668952,192.168.1.132,52.168.112.67,443,0,1
Saturday,2025-09-06 14:56:10.668960,192.168.1.132,52.168.112.67,443,0,1
Saturday,2025-09-06 14:56:11.036051,52.168.112.67,192.168.1.132,49168,0,1
Saturday,2025-09-06 14:56:11.036053,52.168.112.67,192.168.1.132,49168,0,1
Saturday,2025-09-06 14:56:11.036055,52.168.112.67,192.168.1.132,49168,0,1
Saturday,2025-09-06 14:56:11.036055,52.168.112.67,192.168.1.132,49168,0,1
Saturday,2025-09-06 14:56:11.036056,52.168.112.67,192.168.1.132,49168,0,1
Saturday,2025-09-06 14:56:11.036207,192.168.1.132,52.168.112.67,443,0,1
Saturday,2025-09-06 14:56:11.085707,192.168.1.132,163.70.148.63,443,0,1
Saturday,2025-09-06 14:56:11.090883,163.70.148.63,192.168.1.132,50410,0,1
Saturday,2025-09-06 14:56:11.444171,163.70.148.63,192.168.1.132,50410,0,1
Saturday,2025-09-06 14:56:11.444591,192.168.1.132,163.70.148.63,443,0,1
Saturday,2025-09-06 14:56:12.680609,192.168.1.132,52.168.112.67,443,0,1
Saturday,2025-09-06 14:56:12.680701,192.168.1.132,52.168.112.67,443,0,1
Saturday,2025-09-06 14:56:12.680703,192.168.1.132,52.168.112.67,443,0,1
Saturday,2025-09-06 14:56:12.680704,192.168.1.132,52.168.112.67,443,0,1
Saturday,2025-09-06 14:56:12.680705,192.168.1.132,52.168.112.67,443,0,1
Saturday,2025-09-06 14:56:12.680706,192.168.1.132,52.168.112.67,443,0,1
Saturday,2025-09-06 14:56:12.680707,192.168.1.132,52.168.112.67,443,0,1
Saturday,2025-09-06 14:56:12.680708,192.168.1.132,52.168.112.67,443,0,1
Saturday,2025-09-06 14:56:12.680709,192.168.1.132,52.168.112.67,443,0,1
Saturday,2025-09-06 14:56:12.680710,192.168.1.132,52.168.112.67,443,0,1
Saturday,2025-09-06 14:56:12.680710,192.168.1.132,52.168.112.67,443,0,1
Saturday,2025-09-06 14:56:12.680711,192.168.1.132,52.168.112.67,443,0,1
Saturday,2025-09-06 14:56:12.680718,192.168.1.132,52.168.112.67,443,0,1
Saturday,2025-09-06 14:56:12.944685,52.168.112.67,192.168.1.132,49168,0,1
Saturday,2025-09-06 14:56:12.944687,52.168.112.67,192.168.1.132,49168,0,1
Saturday,2025-09-06 14:56:12.944689,52.168.112.67,192.168.1.132,49168,0,1
Saturday,2025-09-06 14:56:12.944690,52.168.112.67,192.168.1.132,49168,0,1
Saturday,2025-09-06 14:56:12.944691,52.168.112.67,192.168.1.132,49168,0,1
Saturday,2025-09-06 14:56:12.946008,52.168.112.67,192.168.1.132,49168,0,1
Saturday,2025-09-06 14:56:12.946103,192.168.1.132,52.168.112.67,443,0,1
Saturday,2025-09-06 14:56:13.055108,192.168.1.132,52.168.112.67,443,0,1
Saturday,2025-09-06 14:56:13.055156,192.168.1.132,52.168.112.67,443,0,1
Saturday,2025-09-06 14:56:13.321942,192.168.1.132,40.79.141.155,443,1,0
Saturday,2025-09-06 14:56:13.327375,52.168.112.67,192.168.1.132,49169,0,1
Saturday,2025-09-06 14:56:13.363262,52.168.112.67,192.168.1.132,49168,0,1
Saturday,2025-09-06 14:56:13.460079,52.168.112.67,192.168.1.132,49168,0,1
Saturday,2025-09-06 14:56:13.460259,192.168.1.132,52.168.112.67,443,0,1
Saturday,2025-09-06 14:56:13.503260,40.79.141.155,192.168.1.132,49170,1,1
Saturday,2025-09-06 14:56:13.503450,192.168.1.132,40.79.141.155,443,0,1
Saturday,2025-09-06 14:56:13.503639,192.168.1.132,40.79.141.155,443,0,1
Saturday,2025-09-06 14:56:13.571690,17.248.221.132,192.168.1.132,52413,0,1
Saturday,2025-09-06 14:56:13.571692,17.248.221.132,192.168.1.132,52413,0,1
Saturday,2025-09-06 14:56:13.572096,192.168.1.132,17.248.221.132,443,0,1
Saturday,2025-09-06 14:56:13.572314,192.168.1.132,17.248.221.132,443,0,1
Saturday,2025-09-06 14:56:13.572373,17.248.221.132,192.168.1.132,52413,0,1
Saturday,2025-09-06 14:56:13.572759,192.168.1.132,17.248.221.132,443,0,1
Saturday,2025-09-06 14:56:13.573109,192.168.1.132,17.248.221.132,443,0,1
Saturday,2025-09-06 14:56:13.573133,192.168.1.132,17.248.221.132,443,0,1
Saturday,2025-09-06 14:56:13.677378,17.248.221.132,192.168.1.132,52413,0,1
Saturday,2025-09-06 14:56:13.677380,17.248.221.132,192.168.1.132,52413,0,0
Saturday,2025-09-06 14:56:13.686412,40.79.141.155,192.168.1.132,49170,0,1
Saturday,2025-09-06 14:56:13.686551,192.168.1.132,40.79.141.155,443,0,1
Saturday,2025-09-06 14:56:13.687110,192.168.1.132,40.79.141.155,443,0,1
Saturday,2025-09-06 14:56:13.871874,40.79.141.155,192.168.1.132,49170,0,1
Saturday,2025-09-06 14:56:13.871875,40.79.141.155,192.168.1.132,49170,0,1
Saturday,2025-09-06 14:56:13.871877,40.79.141.155,192.168.1.132,49170,0,1
Saturday,2025-09-06 14:56:13.871878,40.79.141.155,192.168.1.132,49170,0,1
Saturday,2025-09-06 14:56:13.871983,192.168.1.132,40.79.141.155,443,0,1
Saturday,2025-09-06 14:56:13.872050,192.168.1.132,40.79.141.155,443,0,1
Saturday,2025-09-06 14:56:13.872798,192.168.1.132,40.79.141.155,443,0,1
Saturday,2025-09-06 14:56:13.872802,192.168.1.132,40.79.141.155,443,0,1
Saturday,2025-09-06 14:56:14.054333,40.79.141.155,192.168.1.132,49170,0,1
Saturday,2025-09-06 14:56:14.054810,40.79.141.155,192.168.1.132,49170,0,1
Saturday,2025-09-06 14:56:14.054862,192.168.1.132,40.79.141.155,443,0,1
Saturday,2025-09-06 14:56:14.056117,40.79.141.155,192.168.1.132,49170,0,1
Saturday,2025-09-06 14:56:14.056149,192.168.1.132,40.79.141.155,443,0,1
Saturday,2025-09-06 14:56:14.056394,192.168.1.132,40.79.141.155,443,0,1
Saturday,2025-09-06 14:56:14.056438,192.168.1.132,40.79.141.155,443,0,1
Saturday,2025-09-06 14:56:14.088308,192.168.1.132,163.70.148.63,443,0,1
Saturday,2025-09-06 14:56:14.092728,163.70.148.63,192.168.1.132,50413,0,1
Saturday,2025-09-06 14:56:14.238987,40.79.141.155,192.168.1.132,49170,0,1
Saturday,2025-09-06 14:56:14.334585,163.70.148.63,192.168.1.132,50413,0,1
Saturday,2025-09-06 14:56:14.334977,192.168.1.132,163.70.148.63,443,0,1
Saturday,2025-09-06 14:56:14.365125,162.159.130.234,192.168.1.132,63719,0,1
Saturday,2025-09-06 14:56:14.365268,192.168.1.132,162.159.130.234,443,0,1
Saturday,2025-09-06 14:56:14.410015,192.168.1.132,64.233.170.188,5228,0,1
Saturday,2025-09-06 14:56:14.441452,64.233.170.188,192.168.1.132,61851,0,1
Saturday,2025-09-06 14:56:14.862443,192.168.1.132,52.168.112.67,443,1,0
Saturday,2025-09-06 14:56:15.113979,192.168.1.132,52.168.112.67,443,1,0
Saturday,2025-09-06 14:56:15.120932,52.168.112.67,192.168.1.132,49171,1,1
Saturday,2025-09-06 14:56:15.121060,192.168.1.132,52.168.112.67,443,0,1
Saturday,2025-09-06 14:56:15.121784,192.168.1.132,52.168.112.67,443,0,1
Saturday,2025-09-06 14:56:15.121803,192.168.1.132,52.168.112.67,443,0,1
Saturday,2025-09-06 14:56:15.378939,52.168.112.67,192.168.1.132,49171,0,1
Saturday,2025-09-06 14:56:15.380461,52.168.112.67,192.168.1.132,49172,1,1
Saturday,2025-09-06 14:56:15.380569,192.168.1.132,52.168.112.67,443,0,1
Saturday,2025-09-06 14:56:15.380772,192.168.1.132,52.168.112.67,443,0,1
Saturday,2025-09-06 14:56:15.380779,192.168.1.132,52.168.112.67,443,0,1
Saturday,2025-09-06 14:56:15.394247,52.168.112.67,192.168.1.132,49171,0,1
Saturday,2025-09-06 14:56:15.394368,192.168.1.132,52.168.112.67,443,0,1
Saturday,2025-09-06 14:56:15.394961,192.168.1.132,52.168.112.67,443,0,1
Saturday,2025-09-06 14:56:15.748044,52.168.112.67,192.168.1.132,49172,0,1
Saturday,2025-09-06 14:56:15.748046,52.168.112.67,192.168.1.132,49172,0,1
Saturday,2025-09-06 14:56:15.748048,52.168.112.67,192.168.1.132,49171,0,1
Saturday,2025-09-06 14:56:15.748049,52.168.112.67,192.168.1.132,49171,0,1
Saturday,2025-09-06 14:56:15.748051,52.168.112.67,192.168.1.132,49171,0,1
Saturday,2025-09-06 14:56:15.748052,52.168.112.67,192.168.1.132,49171,0,1
Saturday,2025-09-06 14:56:15.748053,52.168.112.67,192.168.1.132,49171,0,1
Saturday,2025-09-06 14:56:15.748202,192.168.1.132,52.168.112.67,443,0,1
Saturday,2025-09-06 14:56:15.748266,192.168.1.132,52.168.112.67,443,0,1
Saturday,2025-09-06 14:56:15.748835,192.168.1.132,52.168.112.67,443,0,1
Saturday,2025-09-06 14:56:15.748873,192.168.1.132,52.168.112.67,443,0,1
Saturday,2025-09-06 14:56:15.749463,192.168.1.132,52.168.112.67,443,0,1
Saturday,2025-09-06 14:56:15.749563,192.168.1.132,52.168.112.67,443,0,1
Saturday,2025-09-06 14:56:15.749695,192.168.1.132,52.168.112.67,443,0,1
Saturday,2025-09-06 14:56:15.749751,192.168.1.132,52.168.112.67,443,0,1
Saturday,2025-09-06 14:56:15.749752,192.168.1.132,52.168.112.67,443,0,1
Saturday,2025-09-06 14:56:15.749752,192.168.1.132,52.168.112.67,443,0,1
Saturday,2025-09-06 14:56:15.749753,192.168.1.132,52.168.112.67,443,0,1
Saturday,2025-09-06 14:56:15.749753,192.168.1.132,52.168.112.67,443,0,1
Saturday,2025-09-06 14:56:15.749754,192.168.1.132,52.168.112.67,443,0,1
Saturday,2025-09-06 14:56:15.749754,192.168.1.132,52.168.112.67,443,0,1
Saturday,2025-09-06 14:56:15.749755,192.168.1.132,52.168.112.67,443,0,1
Saturday,2025-09-06 14:56:15.749755,192.168.1.132,52.168.112.67,443,0,1
Saturday,2025-09-06 14:56:15.749756,192.168.1.132,52.168.112.67,443,0,1
Saturday,2025-09-06 14:56:15.749757,192.168.1.132,52.168.112.67,443,0,1
Saturday,2025-09-06 14:56:16.055418,52.168.112.67,192.168.1.132,49171,0,1
Saturday,2025-09-06 14:56:16.055419,52.168.112.67,192.168.1.132,49171,0,1
Saturday,2025-09-06 14:56:16.055420,52.168.112.67,192.168.1.132,49171,0,1
Saturday,2025-09-06 14:56:16.055421,52.168.112.67,192.168.1.132,49171,0,1
Saturday,2025-09-06 14:56:16.055422,52.168.112.67,192.168.1.132,49171,0,1
Saturday,2025-09-06 14:56:16.055422,52.168.112.67,192.168.1.132,49171,0,1
Saturday,2025-09-06 14:56:16.055423,52.168.112.67,192.168.1.132,49171,0,1
Saturday,2025-09-06 14:56:16.055424,52.168.112.67,192.168.1.132,49172,0,1
Saturday,2025-09-06 14:56:16.055425,52.168.112.67,192.168.1.132,49172,0,1
Saturday,2025-09-06 14:56:16.055426,52.168.112.67,192.168.1.132,49172,0,1
Saturday,2025-09-06 14:56:16.055426,52.168.112.67,192.168.1.132,49172,0,1
Saturday,2025-09-06 14:56:16.055427,52.168.112.67,192.168.1.132,49172,0,1
Saturday,2025-09-06 14:56:16.055527,192.168.1.132,52.168.112.67,443,0,1
Saturday,2025-09-06 14:56:16.055529,192.168.1.132,52.168.112.67,443,0,1
Saturday,2025-09-06 14:56:16.055551,192.168.1.132,52.168.112.67,443,0,1
Saturday,2025-09-06 14:56:16.055584,192.168.1.132,52.168.112.67,443,0,1
Saturday,2025-09-06 14:56:16.055602,192.168.1.132,52.168.112.67,443,0,1
Saturday,2025-09-06 14:56:16.055672,192.168.1.132,52.168.112.67,443,0,1
Saturday,2025-09-06 14:56:16.056138,192.168.1.132,52.168.112.67,443,0,1
Saturday,2025-09-06 14:56:16.056169,192.168.1.132,52.168.112.67,443,0,1
